{
  "ext/controller/Listcontroller.controller.js": 1724758770487,
  "ext/fragment/Attachments.js": 1724656230413,
  "ext/controller/ObjectpageController.controller.js": 1724842346725,
  "i18n/i18n.properties": 1722328963041,
  "manifest.json": 1725872153395,
  "Component.js": 1721802010903,
  "ext/fragment/Attachments-dbg.js": 1724656230413,
  "ext/fragment/Attachments.js.map": 1725872153573,
  "ext/controller/ObjectpageController-dbg.controller.js": 1724842346725,
  "ext/controller/ObjectpageController.controller.js.map": 1725872153577,
  "ext/controller/Listcontroller-dbg.controller.js": 1724758770487,
  "ext/controller/Listcontroller.controller.js.map": 1725872153569,
  "Component-dbg.js": 1721802010903,
  "Component.js.map": 1725872153561,
  "Component-preload.js": 1725872153789,
  "Component-preload.js.map": 1725872153789,
  "ext/fragment/Attachments.fragment.xml": 1724412684224,
  "index.html": 1721802010903
}