{
  "ext/controller/Listcontroller.controller.js": 1722251551995,
  "manifest.json": 1722332816062,
  "i18n/i18n.properties": 1722328963041,
  "Component.js": 1721802010903,
  "Component-dbg.js": 1721802010903,
  "Component.js.map": 1722332816141,
  "ext/controller/Listcontroller-dbg.controller.js": 1722251551995,
  "ext/controller/Listcontroller.controller.js.map": 1722332816143,
  "Component-preload.js": 1722332816217,
  "Component-preload.js.map": 1722332816217,
  "index.html": 1721802010903
}