{
  "manifest.json": 1725872149937,
  "ext/controller/ObjectpageController.controller.js": 1724318465766,
  "ext/controller/Listcontroller.controller.js": 1724758683466,
  "i18n/i18n.properties": 1723539142806,
  "Component.js": 1721756390305,
  "ext/controller/Listcontroller-dbg.controller.js": 1724758683466,
  "ext/controller/Listcontroller.controller.js.map": 1725872150097,
  "ext/controller/ObjectpageController-dbg.controller.js": 1724318465766,
  "ext/controller/ObjectpageController.controller.js.map": 1725872150098,
  "Component-dbg.js": 1721756390305,
  "Component.js.map": 1725872150089,
  "Component-preload.js": 1725872150287,
  "Component-preload.js.map": 1725872150287,
  "index.html": 1721756390305
}