{
  "Component.js": 1721756390305,
  "manifest.json": 1722332814069,
  "ext/controller/Listcontroller.controller.js": 1722332769807,
  "i18n/i18n.properties": 1722330591874,
  "ext/controller/Listcontroller-dbg.controller.js": 1722332769807,
  "ext/controller/Listcontroller.controller.js.map": 1722332814178,
  "Component-dbg.js": 1721756390305,
  "Component.js.map": 1722332814177,
  "Component-preload.js": 1722332814252,
  "Component-preload.js.map": 1722332814252,
  "index.html": 1721756390305
}